SG latest contacted,Response?,,,,,,,,,,,,,,,,,,,
 ,,AbsenceSoft,"Golden, Colorado",2013,51-200,"AbsenceSoft is a proven provider of technology solutions to help employers more efficiently and cost-effectively manage FMLA, LOA, Disability, and ADA. Maintaining full compliance with the federal and ever-growing number of state and municipal leave laws is becoming increasingly difficult for organizations of all sizes. ","FMLA Management, Absence Consulting, Absence Management, Software Development, Disability Management i Accommodations and ADA/ADAA Management",Christian Ellis,50-55,0.1,https://www.linkedin.com/in/christianellisco/,,,John Huettel,50-55,0.75,https://www.linkedin.com/in/johnhuettel/,,,
9/27,,Accolade,"Plymouth Meeting, PA",2007,501-1000,"Accolade is a personalized health and benefits solution that dramatically improves the experience, outcomes and cost of healthcare for employers, health plans and their members.","Healthcare Process Improvement, Healthcare savings, Employee engagement, Personalized Advocacy, Health Advocacy i Employee Benefits",Eric Wilson,50-55,1,https://www.linkedin.com/in/ericswilson/,,,Rajeev Singh,45-55,4.75,https://www.linkedin.com/in/rsingh68/,,,
,,AdAlong,,2017,11-50 ,"AdAlong enables brands to unlock the power of visual social content created by consumers, fans and employees.","saas, btob, brand, creativity, ai, socialnetwork, facebook, instagram, twitter, video i community",Thomas Franquelin,35-40,1.25,https://www.linkedin.com/in/thomas-franquelin/,,,Clemence Demerliac,30-35,3.3,https://www.linkedin.com/in/clemencedemerliac/,,,
8/30,,Aera Technology,"Mountain View, California",2017,201-500,"Aera Technology delivers the Cognitive Operating System™ that enables the Self-Driving Enterprise™. Aera understands how businesses work; makes real-time recommendations; predicts outcomes; and acts autonomously. Using proprietary data crawling, industry models, machine learning and artificial intelligence, Aera is revolutionizing how people relate to data and how organizations function. ","machine learning, self-driving enterprise, cognitive automation, artificial intelligence, cloud software, data science, supply chain analytics, cloud ERP, sales , finance i deep learning",Frederic Laluyaux,50-55,3.3,https://www.linkedin.com/in/flaluyaux/,,,Frederic Laluyaux,50-55,3.3,https://www.linkedin.com/in/flaluyaux/,,,
,,agnos.ai,"London, London",2018,11-50,"agnos.ai is dedicated to unlocking the true value of enterprise data, using Knowledge Graph technology to tackle problems which are currently almost impossible to solve. ","Knowledge Graph, Enterprise Knowledge Graph, EKG, Semantic Technology, Data Architecture, Data Unification, Enterprise Data Unification, OWL, Ontology, RDF, SPARQL, SHACL, Linked Data, AI, ML, Machine Learning, Data Science, Banking i FIBO",Jacobus Geluk,55-60,1.75,https://www.linkedin.com/in/jgeluk/,,,nawet na stronie nie mają napisanego - różne osoby nadzorujące w różnych lokalizacjach,,,,,,
9/27,,Aisera,"Palo Alto, CA",2017,11-50,"Aisera helps make businesses and customers successful by offering consumer-like user experience for support and operations. We have built the world’s first AISM solution for IT, HR, Customer Service, Facilities, and IT/Cloud Operations.",,Antonio Nucci,45-50,0.5,https://www.linkedin.com/in/antonio-nucci-phd-aa6b70116/,,,"Muddu Sudhakar? tak twierdzi google, ale na linkedinie nie ma nic wspólnego z tą firmą",,,,,,
SG Contacted?,,Company,,,,,,,,,,,,,,,,,,
,,Akatana,"San Francisco, CA",2008,51-200,Aktana is a pioneer in intelligent engagement for the global life sciences industry. Its proprietary platform harnesses machine learning algorithms to enable marketing and sales teams to seamlessly coordinate and optimize multichannel engagement with healthcare professionals.,"sales force effectiveness, Sales force automation, pharma analytics, mobile, pharmaceutical, sales operations, Pharmaceutical multi-channel marketing, Agile Marketing, Decision Support, Artificial Intelligence, AI, Machine Learning, life sciences, Data Science, Marketing, Multi-channel marketing, Commercial Operations, SAAS, SalesForce, Veeva, SFDC, IQVIA, Veeva i life sciences",Jin Huang,40-50,5,https://www.linkedin.com/in/jinhuang11/,,,David Ehrlich,55-60,9,https://www.linkedin.com/in/davidjehrlich/,,,
8/30,,Apptopia,"Boston, MA",2011,11-50,"Apptopia is unique in its ability to also offer SDK recognition and analysis, category level analysis, and customizable industry reports. We also offer a full suite of user acquisition tools.","Business intelligence, Mobile app performance, App economy data, app analytics, mobile app data, mobile app intelligence, mobile competitive intelligence, mobile marketing i mobile market research",Sergey Balyuk,40-45,3.3,https://www.linkedin.com/in/sergeybalyuk/,https://github.com/bgipsy,,Eliran Sapir,30-35,8.5,https://www.linkedin.com/in/eliransapir/,,,
9/27,,Ardec LLC,"Texas, United States",1996,11-50,"Ardec multiplies your business and technology management capability. We can help you safely navigate...or disrupt a market. Based in Salt Lake City area, we have multiple practices to help you with Web, Salesforce, Risk and Security, Cloud Native, Internet of Things, and more.",,Erik Peterson,50-55,24.75,https://www.linkedin.com/in/erik-peterson-54a99b5/,,,<- jest też CEO,,,,,,
,,Aston Capital Management,"New York, New York",2013,11-50 ,Aston Capital is structured as a quantitative hedge fund and is focused on the innovation and implementation of creative trading strategies applied across multiple assets classes and the financial products within those classes.,,Israel Klein,40-45,6.75,https://www.linkedin.com/in/israelklein/,,,Isaac Lieberman,50-60,6.75,https://www.linkedin.com/in/isaac-lieberman-51495b139/,,,
8/17,,Axoni,New York,2015,51-200,Axoni is a New York-based technology firm that specializes in blockchain infrastructure whose clients include many of the world’s largest financial institutions and capital markets infrastructure companies.,"Workflow automation, Data privacy, Blockchain i Distributed ledger technology",Jeffrey Schvey,35-40,4.5,https://www.linkedin.com/in/jeffschvey/,,,Greg S.,30-35,4.5,https://www.linkedin.com/in/gschvey/,,,
,,Axoni,New York,2015,51-200,Axoni is a New York-based technology firm that specializes in blockchain infrastructure whose clients include many of the world’s largest financial institutions and capital markets infrastructure companies.,"Workflow automation, Data privacy, Blockchain i Distributed ledger technology",Jeffrey Schvey,35-40,4.3,https://www.linkedin.com/in/jeffschvey/,,,Greg Schvey,35-40,4.3,https://www.linkedin.com/in/gschvey/,,,
9/27,,Bestmile,San Francisco,2014,51-100,"cloud platform for mobility providers to deploy, manage and optimize AV and human-driven vehicle fleets","AI, ML, Transportation, Automotive",Marco Laumanns,45-50,1.5,https://www.linkedin.com/in/marco-laumanns-177618b2/,,,Raphael Gindrat,30-35,6.3,https://www.linkedin.com/in/rgindrat/,,,
,,Bestmile,"San Francisco, California",2014,51-200,"Bestmile empowers mobility providers to deploy, manage and optimize autonomous and conventional driven vehicle fleets. Bestmile’s cloud platform enables the intelligent operation and optimization of autonomous mobility services, managing fixed-route and on-demand services, regardless of the vehicle brand or type. ","Software, Driverless mobility, Cloud , Autonomous Mobility services i Smart Mobility",Marco Laumanns,45-50,1.5,https://www.linkedin.com/in/marco-laumanns-177618b2/,,,Raphael Gindrat,30-35,6,https://www.linkedin.com/in/rgindrat/,,,
9/27,,Better Cloud,"New York, NY",2011,201-500,"BetterCloud is the first SaaS Operations Management platform, empowering IT to define, remediate, and enforce management and security policies for SaaS applications. ","Google Apps, Enterprise SaaS Application, Cloud Technology, Cloud Security, Google Apps Management, Google Drive Security, Cloud Management, Office 365, G Suite, Salesforce, Zendesk, Dropbox, Confluence, JIRA Software, JIRA Service Desk, Namely i Slack",Felipe Murillo,35-40,1.25,https://www.linkedin.com/in/felipe-murillo-61166519/,,,David Politis,35-40,8.5,https://www.linkedin.com/in/davidpolitis/,,,
9/27,,Better Cloud,"New York, NY",2011,201-500 ,"BetterCloud is the first SaaS Operations Management platform, empowering IT to define, remediate, and enforce management and security policies for SaaS applications.","Google Apps, Enterprise SaaS Application, Cloud Technology, Cloud Security, Google Apps Management, Google Drive Security, Cloud Management, Office 365, G Suite, Salesforce, Zendesk, Dropbox, Confluence, JIRA Software, JIRA Service Desk, Namely i Slack",Andra Milender (a nie ona?),50-55,0.75,https://www.linkedin.com/in/andra-milender-81a73615/,,,David Politis,35-40,8.5,https://www.linkedin.com/in/davidpolitis/,"powtórka firmy z pozycji 39, ale inny CTO",,
9/27,,BigCommerce,"Austin, Texas",2009,501-1000,BigCommerce is the world’s leading cloud ecommerce platform for established and rapidly-growing businesses.,"E-Commerce Software, Shopping Cart Software, Hosted Ecommerce Solution, Internet Marketing i SaaS",Brian Dhatt,45-50,3.5,https://www.linkedin.com/in/briandhatt/,,,Brent Bellm,50,5,https://www.linkedin.com/in/brent-bellm-3b305214/,,,
9/19,,Boats Group,Miami ,2011,201-500,Boats Group shares one purpose: making it easy for people to buy and sell boats. We connect millions of people with the world’s largest selection of boats and sellers. ,,Sam Peterson,45-50,3.5,https://www.linkedin.com/in/sam-peterson-7119161/,,,Sam Fulton,40-45,3.75,https://www.linkedin.com/in/samfulton/,,,
,,BoligPortal,"Aarhus, Midtjylland",1999,11-50,,,Steffen Harbom Rudkjøbing,35-40,0.75,https://www.linkedin.com/in/rudkj/,,,Anders Hyldborg,40-45,3.75,https://www.linkedin.com/in/andershyldborg/,,,
9/28,,Bread,New York,2014,51-200 ,"Bread is transforming retail by building powerful financing tools that help retailers increase sales. Bread gives retailers the ability to let their customers pay over time for the things they need, on their terms. ","consumer finance, technology, purchase finance, e-commerce i retail",Edward Cudahy,45-50,0.65,https://www.linkedin.com/in/edwardcudahy/,,,Josh Abramowitz,50-55,7,https://www.linkedin.com/in/joshabramowitz/,,,
,,Calm,"San Francisco, California",2012,51-200,"Calm is a leading global health and wellness brand with the #1 app for sleep, meditation and relaxation.","Meditation & Relaxation, Sleep, Health & Wellness i Mindfullness",Will Larson,35-40,0.3,https://www.linkedin.com/in/will-larson-a44b543/,https://github.com/lethain,,Alex Tew,30-35,8,https://www.linkedin.com/in/alextew/,,,
,,Chartboost,"San Francisco, California",2011,51-200,Chartboost empowers app developers to earn advertising revenue while connecting advertisers to highly engaged audiences. ,"Monetization & User Acquisition for Mobile Games, Analytics i In-App Programmatic Advertising",Sean Fannan,35-40,9.25,https://www.linkedin.com/in/fannan/,https://github.com/fannan,,Pepe Agell,35-40,1.5,https://www.linkedin.com/in/joseluisagell/,"jest dwóch CEO, dodaję drugiego poniżej :)",,
9/27,9/27,CipherTrace,"Menlo Park, California",2015,11-50,"CipherTrace develops cryptocurrency Anti-Money Laundering, cryptocurrency forensics, and blockchain threat intelligence solutions. ","Blockchain, Bitcoin, Cryptocurrency, crypto currency, Ethereum, crypto, forensics, AML, Anti Money Laundering i machine learning",Shannon Holland,50-55,4.75,https://www.linkedin.com/in/shannon-holland-477156/,,,David Jevans,50-55,3,https://www.linkedin.com/in/davidajevans/,,,
,,Cisco,"San Jose, CA",1984,10 001+,"Cisco (NASDAQ: CSCO) enables people to make powerful connections--whether in business, education, philanthropy, or creativity. Cisco hardware, software, and service offerings are used to create the Internet solutions that make networks possible--providing easy access to information anywhere, at any time.","Networking, Wireless, Security, Unified Communication, Cloud, Collaboration, Data Center, Virtualization i Unified Computing Systems",Ryan Plant,40-45,2,https://www.linkedin.com/in/plantr/,,,Dave Neben,,,https://www.linkedin.com/in/dave-neben-8b254b5/,,,
8/30,9/26,Cityblock Health,"Brooklyn, New York",2017,201-500,"Cityblock was founded in 2017 as the first tech-driven provider for communities with complex needs. We deliver better care to where it’s needed most, investing upstream in highly personalized, prevention-oriented health and social care to ultimately drive down costs and improve outcomes.",,Lon Binder,50-55,0.5,https://www.linkedin.com/in/lonbinder/,https://github.com/lonbinder,,Iyah Romm,35-40,3,https://www.linkedin.com/in/iyah-romm-b322ab51/,,,
9/27,9/27,Clearcover,"Chicago, IL",2016,51-200,Clearcover’s API-first approach enables customers to have great insurance at affordable rates.,insurance ,Matt Dressel,45-50,2,https://www.linkedin.com/in/matt-dressel/,https://github.com/dresselm,,Kyle Nakatsuji,35-40,3.5,https://www.linkedin.com/in/kylenakatsuji/,,,
,,Codeily,London,,1,"offer fully scalable, demo-able, customised private blockchain and machine learning pipelines created by our team of experts and delivered to you iteratively and with the highest production quality standards.",,Lukasz Tymoszczuk,30-35,6,https://www.linkedin.com/in/lukastymo/,,,jednoosobowa firma,,,,,,
,,CommoChain,"Plan-les-Ouates, Geneva",2018,2-10,"CommoChain is a Swiss FinTech/CommoTech company based in Geneva. We help companies involved in the international trade of raw materials to increase operational efficiency now and in the future with our Trade Execution Assistant, developed by commodity sector experts.","commodity, commotech, fintech, tradetech, international trade i digital transformation",Anthony Dupre,45-50,1.75,https://www.linkedin.com/in/anthonydupre/,,,<- chyba ten sam,,,,,,
9/27,9/27,Conductor Inc,"New York, NY",2008,201-500,Conductor is a search and content intelligence platform that helps marketers create and optimize content to improve visibility online.,"Content Intelligence, SAAS, SEO, Search Marketing i content marketing",Matthew Giresi,35-40,0.25,https://www.linkedin.com/in/matthew-giresi/,,,Seth Besmertnik,35-40,12,https://www.linkedin.com/in/besmertnik/,,,
,,Credit Karma,"San Francisco, CA",2007,1001-5000 ,"Credit Karma is focused on championing financial progress for over 100 million members in the U.S., Canada and U.K. While we're best known for pioneering free credit scores, our members turn to us for resources as they work toward their financial goals. This includes tools for credit and identity monitoring, searching for credit cards, shopping for loans (car, home and personal), growing their savings* and filing their taxes with Credit Karma Tax -- all for free.",,Ryan Graciano,35-40,13,https://www.linkedin.com/in/graciano/,https://github.com/rgraciano,,Kenneth Lin,40-45,13,https://www.linkedin.com/in/kennethjlin/,,,
9/28,,CrunchTime!,"Boston, MA",1995,51-200,CrunchTime is the gold-standard operations management platform for the foodservice industry. ,"Food and Labor Cost Control, Restaurant Back Office Systems, Supply Chain Management, Labor Management, Inventory Management, SaaS, Restaurant Technology, Operations, Software, Platform, Software Platform, Food and Beverage, Labor Scheduling, Food Safety, Accounting, Point of Sale, Integrations i Payroll",Glenn Osborne,55-60,1,https://www.linkedin.com/in/glennosborne/,,,David Daugherty,55-60,11,https://www.linkedin.com/in/david-daugherty-bb731272/,,,
9/28,,data Dog,"New York, NY",2010,1001-5000,"Datadog is the essential monitoring platform for cloud applications. We bring together data from servers, containers, databases, and third-party services to make your stack entirely observable. ","SaaS, APM, Software, Log Management, Cloud, DevOps, Monitoring, Infrastructure, Distributed Systems, Cloud Computing, Open-source i Golang",Alexis L.,40-45,4,https://www.linkedin.com/in/alexislequoc/,,,Olivier Pomel,35-40,12,https://www.linkedin.com/in/olivierpomel/,,,
9/27,,dataminr,"New York, NY",2009,201-500,"a mission-driven company committed to the power of AI, public data, and real-time information as a force for good in the world. Over the last decade, our team has established and refined the leading AI platform for real-time event and risk detection. ",,Jeffrey Kinsey,40-45,11,https://www.linkedin.com/in/jeffrey-kinsey-33765717/,,,Ted Bailey,40-45,11,https://www.linkedin.com/in/ted-bailey-11b3492/,,,
,,DigiU,,,,"We create various AI services(CV, NLP -based e.t.c) using BigData and machine learning models (from tabular to neurons with deep learning).",,Peter Tagunov,35-40,0.5,https://www.linkedin.com/in/peter-tagunov-java,,,,,,,,,
9/28,,Double Verify,New York,2008,201-500 ,"DV is powering the new standard of marketing performance, giving advertisers clarity and confidence in their digital investment.","Impression Quality and Audience Quality Solutions for Brand Marketers, Ad Viewability, Ad Prominence, Impression Delivery, Transparency and Accountability to Digital Media i Brand Safety and Fraud Protection",Nisim Tal,35-40,3.5,https://www.linkedin.com/in/nisimtal/,,,Wayne Gattinella,45-50,8,https://www.linkedin.com/in/wayne-gattinella-61a7b410/,,,
9/28,,Duolingo,"Pittsburgh, PA",2011,500,,"Language Education, Language Certification, Mobile App Development, Language Proficiency Assessment, Machine Learning, product design i software engineering",Severin Hacker,35,8.5,https://www.linkedin.com/in/severinhacker/,https://github.com/severinhacker,,Luis von Ahn,40-45,9,https://www.linkedin.com/in/luis-von-ahn-4567065/,,,
9/28,,Eero,"San Francisco, California",2014,150,"eero is the world’s best-reviewed home WiFi system. eeros — and new eero Beacons — wirelessly connect to blanket your home in fast, reliable WiFi.",,Amos Schallich,30-35,6,https://www.linkedin.com/in/schallich/,,,Nick Weaver,31,6,https://www.linkedin.com/in/nsweaver/,,,
9/28,,Epic Games,"Cary, NC",1991,3000+,"Epic’s award-winning Unreal Engine technology not only provides game developers the ability to build high-fidelity, interactive experiences for PC, console, mobile, and VR, it is also a tool being embraced by content creators across a variety of industries such as media and entertainment, automotive, and architectural design.","games, game engine, game technology, Unreal Engine, Fortnite, PC, PS3, Xbox, mobile game engine, iOS, Android, PS Vita, Wii U, Unreal Tournament, XBLA, PSN, Steam, next-gen, Paragon i SPYJiNX",Kim Libreri,50-55,6,https://www.linkedin.com/in/kim-libreri-790a716/,,,Tim Sweeney,50,19,,,,
9/28,,Evernote,"Redwood City, California",2008,201-500,Evernote helps you regain control of your day so you can focus on what matters most.,"Software, Mobile, Android, Mac, IOS, Productivity, App, Workspace, Business, Collect, Find, Present i Write",Richard Tarnastin,,,"nie mogę wejść na profil tych osób, bo nie mam ich w sieci. ten podany jako CTO nie jest prawdziwym CTO ",,,,,,,,,
9/28,,EverString,"San Mateo, CA",2012,51-200,"EverString’s AI SaaS solution is designed for B2B sales and marketing professionals to drive pipeline growth, help close new customers, expand into new markets, prioritize accounts, and provide actionable insights – all without the need for an administrator.","Predictive Analytics, Lead Scoring, Demand Generation, Pipeline Acceleration, account based marketing i AI",Rakesh Gowda,40-45,2.5,https://www.linkedin.com/in/rgowda0/,,,Chao Wang,35-40,7.3,https://www.linkedin.com/in/chao-wang-82060939/,,,
9/28,,Evident ID,"Atlanta, Georgia",2016,51-200,"With connections to thousands of authoritative sources through a single API, Evident is the only platform that enables comprehensive, accurate and up to date identity and credential verifications without the risk and liability of holding personal information.","Cybersecurity, Trust, identity, identity verification i personal data security",Damian Starosielsky,40-50,4,https://www.linkedin.com/in/damian-starosielsky-38a7a99/,,,David Thomas,40-45,4.5,https://www.linkedin.com/in/david-thomas-7397381/,,,
,,Evolution Gaming,Riga,2006,5001-10 000,"Evolution is a world-leading B2B provider of video-streamed Live Casino, committed to deliver a unique user experience and revolutionary product innovation.","software development, IT services, Scala, JavaScript, Live video streaming, On-line gaming i Product innovation",David Craelius,40-45,4.5,https://www.linkedin.com/in/craelius/,,,Jens von Bahr,45-50,14,https://www.linkedin.com/in/jens-von-bahr-6ab3075/,,,
8/27,,Exabeam,"Foster City, California",2013,501-1000 ,Exabeam is the Smarter SIEMTM company. ,"SIEM, Big data security analytics, User Behavior Analytics, User Behavior Intelligence, Stateful user tracking, User and Entity Behavior Analytics, UEBA, SOC i Cybersecurity",Domingo Mihovilovic,55-60,7,https://www.linkedin.com/in/mihovilovic/,,,Nir Polak,35-40,7,https://www.linkedin.com/in/nir-polak-1564934/,,,
,,Factual,"Los Angeles, California",2008,51-200,"Factual is a location data company that helps marketers and their organizations use location to better understand, reach and engage consumers.","Location Data, Mobile,Technology",Boris Shimanovsky,45-50,12,https://www.linkedin.com/in/shimanovsky/,https://github.com/bfs,,Gil Elbaz,50-55,12,https://www.linkedin.com/in/gilelbaz/,,,
8/28,,Fauna,San Francisco,2011,11-50,designed to support modern application development in the Cloud.,"Databases, Ditributed Systems, Cloud DB",Matt Freels,30-35,8,https://www.linkedin.com/in/freels/,https://github.com/freels,,Evan Weaver,30-35,8,https://www.linkedin.com/in/freels/,,14.09.2021,
9/28,,Fevo,"New York, NY",2016,51-200,"FEVO is a white-label solution that lives within the brands it serves. As the customer is purchasing on your site the FEVO Social Cart opens seamlessly, so customers can share their favorite purchases, invite friends, and purchase together in just a few clicks. Your brand becomes a social experience and a space for people to connect and communities to form.",,Eric Chu,35-40,4.5,https://www.linkedin.com/in/fullstackonly/,,,Ari Daie,35-40,4,https://www.linkedin.com/in/arieldaie/,,,
9/28,,Forge,"San Francisco, CA",2012,11-50,"Forge unlocks the private markets for investors, shareholders, companies, and institutions. Learn more and forge your future at ForgeGlobal.com",secondary shares trading platform,Marco Della Torre,,0.75,https://www.linkedin.com/in/marcodellatorre/,,,Kim Lee,40-45,4,https://www.linkedin.com/in/kim-lee-4b98b3b7/,,,
9/28,,Formation,San Francisco,2015,51-100,,"Business Intelligence, Communications Infrastructure, Personalization",Thomas Jackson,30-35,3.5,https://www.linkedin.com/in/tommyjjackson/,https://github.com/jacksontj,,Christian Selchau - Hansen,40,4,https://www.linkedin.com/in/christian-selchau-hansen-267236/,,,
,,Formation,"San Francisco, CA",2015,51-200 ,"Formation empowers companies to achieve true 1:1 personalization at enterprise scale. We use artificial intelligence (AI) and machine learning (ML) to continue learning about customer preferences, analyzing their interactions and fine-tuning of offers across digital and physical channels",,Thomas Jackson,35-40,2.5,https://www.linkedin.com/in/tommyjjackson/,,,Jason Hickner,45-50,4,https://www.linkedin.com/in/jason-hickner-8696b411/,powtórka z pozycji 2 ,,
,,Gemini Solutions,"Palo Alto, California",2005,51-200,"Gemini Solutions provides web, cloud computing, mobile application development, enterprise software, consumer applications, wireless and infrastructure services","Software Development, Cloud Computing, Web Development, Mobile Application Development, Enterprise Software, Wireless and Infrastructure Services i Consumer Applications",Serban Tir,50-55,15.5,https://www.linkedin.com/in/serban-tir-b9aa832/,,,Theo Nissim,50-55,15,https://www.linkedin.com/in/theo-nissim-a10a/,,,
,,Get Smart Labs,"Los Gatos, CA ",2020,2-10,Workplace information discovery and sharing,"NLP, NLU, Graph Database i Python",Sanjay Mahadi,-,0.25,https://www.linkedin.com/in/sanjaymahadi/,,,Rich Rifredi,50-60,0.25,https://www.linkedin.com/in/rich-rifredi-934611/,,,
9/29,,Getaround,"San Francisco, California",2011,201-500,,"Carsharing, Mobility, Transportation i car rental",Elliot Kroo,35-40,11,https://www.linkedin.com/in/ellkro/,https://github.com/kroo,,Sam Zaid,45-50,10,https://www.linkedin.com/in/samzaid/,,,
9/29,,Grand Rounds,"San Francisco, CA",2011,501-1000,he Grand Rounds team goes above and beyond to connect and guide people to the highest quality healthcare available for themselves and their loved ones. ,"Healthcare Quality, Second Opinions, Employee Benefits, Clinical Navigation, Health Tech, Technology, Data Driven i Expert",Wade Chambers,50-55,2.3,https://www.linkedin.com/in/wadechambers/,,,Owen Tripp,45-50,7.5,https://www.linkedin.com/in/owenwtripp/,,,
9/29,,GridGain,"Foster City, California",2007,51-200,"GridGain® powers the digital enterprise with an in-memory computing platform built on Apache® Ignite that provides in-memory speed and massive scalability for data-intensive applications. It requires no rip-and-replace of existing databases and can be deployed on-premises, on a public or private cloud, or on a hybrid environment.","In-Memory Computing, In-Memory Data Grid, In-Memory Streaming, In-Memory Hadoop Acceleration, Apache Spark Acceleration, Apache Cassandra Acceleration i Apache Ignite",Nikita Ivanov,45-55,15,https://www.linkedin.com/in/nivanov/,https://github.com/nivanov,,Abe Kleinfeld,60-65,6.5,https://www.linkedin.com/in/abekleinfeld/,,,
9/29,,Heap,"San Francisco, California",2013,51-200," With Heap, organizations of all sizes can remove technical bottlenecks and gain a single comprehensive view of their customers. Our software automatically collects, organizes, analyzes, and connects customer data, so businesses can create more valuable products and experiences. ","mobile analytics, product analytics, web analytics i analytics",Dan Robinson,30-35,7,https://www.linkedin.com/in/dan-robinson-a6930726/,https://github.com/drob,,Matin Movassate,30-35,7.3,https://www.linkedin.com/in/matin-movassate-29494723/,,,
,,HIFI,"New York, NY",,11-50,Financial rights organization for the music industry. A community advocating for artist-centric innovation and transparency. A partner building technologies and services designed to financially empower its members.,"Machine Learning, Big Data, Music i FinTech",Silvino Barreiros,30-35,1,https://www.linkedin.com/in/silvinobarreiros/,,,Damian Manning,40-50,7,https://www.linkedin.com/in/dmanning/,,,
9/29,CTO referred me to CEO Alex,hiya Inc,"Seattle, WA",2016,51-200,"With a mission to provide a better phone experience, Hiya's products and services provide users with the context needed to help them decide whether or not to pick up their phone. Through analysis of more than 13 billion calls per month, Hiya protects over 100 million users from unwanted scam and nuisance calls globally. ","Caller ID, Scam Protection, Mobile, Internet, Big Data, Machine Learning, AI, Mobile Apps, Scala, Kotlin, iOS, Java, Elastic Search, Swift i Android",Marcelo Calbucci,45-50,2,https://www.linkedin.com/in/marcelocalbucci/,https://github.com/calbucci,,Alex Algard,45-50,4,https://www.linkedin.com/in/alexalgard/,,,
9/29,,Holler,New York,2011,11-50,"Holler creates and delivers useful, entertaining, expressive, branded and original visual content that adds texture and emotion to messaging environments.","Mobile Messaging, Publisher Solutions, Sentiment Analysis, Big Data, Advertising Technology i Content Development",David Brady,50-60,2,https://www.linkedin.com/in/davidebrady/,,,Travis Montaque,27,9,https://www.linkedin.com/in/travismontaque/,,,
,,IHeart radio,"New York, New York",2011,51-200,"iHeartRadio, iHeartMedia’s digital radio platform, is the No. 1 all-in-one digital audio service with over a billion downloads. iHeartRadio lets you listen to thousands of live radio stations from across the country, custom stations from a catalog of millions of songs and millions of artists, and on-demand podcasts. ","Streaming Music (live and custom), Concerts, Podcasts, Radio, Events i Music Festivals",Laurent Vauthrin,40-45,8,https://www.linkedin.com/in/laurent-vauthrin-72922927/,https://github.com/lvauthrin,,Bob Pittman,66,7,https://www.linkedin.com/in/bob-pittman/,szukają osób ze Scalą :) -> https://www.linkedin.com/feed/update/urn%3Ali%3Aactivity%3A6653096270695067648/ ,,
9/26,,Instrumental Inc.,"Palo Alto, California",2015,11-50,"Instrumental is a Manufacturing Optimization System, designed for rapid adoption by engineering and operations teams to provide tangible improvements to yield, uptime, throughput, efficiency, time to market, and end user delight.  ","quality, industry40, artificial intelligence, machine learning, manufacturing, manufacturing software, consumer electronics, medical devices, automotive electronics, inspection, data analytics, big data i iiot",Samuel Weiss,30-35,5,https://www.linkedin.com/in/samuelbweiss/,,,Anna-Katrina Shedletsky,30-35,5.5,https://www.linkedin.com/in/annakatrinashedletsky/,,,
9/29,,Integral Ad Science,"New York, New York",2009,501-1000,"Integral Ad Science is a global technology company that offers data and solutions to establish a safer, more effective advertising ecosystem. We partner with advertisers and publishers to protect their investments, capture consumer attention, and drive business impact.","Media quality, Digital fraud detection and blocking, Ad verification, Ad viewability, Advertising data i Consumer Exposure",Anthony Lucia,50-55,1,https://www.linkedin.com/in/tonylucia/,,,Lisa Utzschneider,45-50,1,https://www.linkedin.com/in/lisa-utzschneider-43345ba/,,,
,,Jalgos,"Paris, Île-de-France",2013,11-50,Jalgos is a startup specialized in artificial intelligence (A.I.) and data science. ,"Artificial Intelligence, Big data, Algorithm design, Data strategy, Data science, data scientist, machine learning i intelligence artificielle",Ivan Diachenko,35-40,1.5,https://www.linkedin.com/in/ivan-diachenko,,,Julien Muresianu,35-40,7,https://www.linkedin.com/in/julienmu/,,,
9/1,,JLL,"Chicago, Illinois",1783,10 001+ ,professional services firm that specializes in real estate and investment management.,"tenant representation, real estate, property, financial services, investment, corporate solutions, capital markets, outsourcing, commercial property i sustainability",Paul Wicks,45-50,1,https://www.linkedin.com/in/paul-wicks-1495853/,,,Christian Ulbrich,53,3.75,https://www.linkedin.com/in/christian-ulbrich-684ba189/?originalSubdomain=de,,,
9/29,,Koddi,"Fort Worth, TX",2013,51-200,Koddi is a cloud provider of marketing technology for advertisers in the travel industry. ,"Digital Marketing, Technology, Metasearch, Advertising Tech, Travel Tech, Facebook Advertising, Travel Ads, Data i Travel",Mitch Berg,55-60,0.15,https://www.linkedin.com/in/mtberg/,,,George Popstefanov,35-40,7.5,https://www.linkedin.com/in/george-popstefanov-9188404/,,,
9/29,,Lendsmart,New York,2018,2-10,AI-driven digital lending platform coupled with a home buying marketplace. Lendsmart streamlines and optimizes customer onboarding & engagement via a centralized platform. Through a suite of APIs & AI we automate today’s manual processes and minimize risk and underwrite a borrower within 10 minutes.,,Kishore kumar Neelamegam,45-50,2,https://www.linkedin.com/in/kishorekumarneelamegam/,,,AK Patel,35-40,2,https://www.linkedin.com/in/akpatellendsmartai/,,,
,,Logic Keepers,"Frisco, TX",2015,2-10,"We offer our clients Solution Architecture guidance and support. We create digital advantage by designing secure, responsive, resilient, scalable & elastic solutions","Emerging Technologies, Open Source, API Management, Software Development, Reactive Programming, Play Framework, Custom Software, Loyalty Programs, Order Management, Automation, Integration, Software Security, Workflow Improvement, Software Consulting, Custom Software Development, Custom Apps, Software, Digital Transformation, Enterprise Architecture i application security",Mark Makary,45-50,5,https://www.linkedin.com/in/mark-makary-lk/,,,<- chyba też on,,,,,,
9/29,,Machine Zone,"Palo Alto, CA",2008,501-1000,"Machine Zone is a global leader in mobile gaming, with a track record of delivering some of the world’s most successful mobile games including Game of War, Mobile Strike and Final Fantasy XV: A New Empire.","Real time messaging, C++, pub/sub, Free2Play, Cloud, Mobile Games, PAAS, Game Development, real time analytics, iOS, stream analytics, Android, Lamda infrastructure, large-scale distributed systems, Real Time Messaging, bots, Live data, Live data messaging i Live data bots",Halbert Nakagawa,40-45,12,https://www.linkedin.com/in/halbertnakagawa/,,,Kristen Dumont,40-50,2,https://www.linkedin.com/in/kristen-dumont-b903932/,,,
9/29,,Mavrck,"Boston, Massachusetts",2014,51-200,"Mavrck is the leading, all-in-one, advanced influencer marketing platform enabling companies such as P&G, Godiva, and PepsiCo to harness the power of ideas people trust.","Influencer Marketing, Social Media Marketing, Digital Media, Loyalty Marketing, Conversions, Micro-Influencer Marketing, Social Analytics, Word-of-Mouth Marketing, content marketing, Ratings & Reviews, Consumer Research, Advocacy Marketing, Referral Marketing, Influencer-Generated Content, User-Generated Content i Influencer",Dmitry Fedosov,-,0.5,https://www.linkedin.com/in/dmitry-fedosov-6a84a735/,,,Lyle Stevens,30-35,5.75,https://www.linkedin.com/in/lylestevens/,,,
9/29,,Medidata Solutions,"New York, NY",1999,1001-5000 ,"Medidata helps generate the evidence and insights to help pharmaceutical, biotech, medical device and diagnostics companies, and academic researchers accelerate value, minimize risk, and optimize outcomes. More than one million registered users across 1,400 customers and partners access the world's most-used platform for clinical development, commercial, and real-world data. ","Data & Analytics, Study & Protocol Design, Trial Planning & Budgeting, Site Negotation, Outsourced Trial Planning, CTMS, Randomization & Trial Supply Management, EDC/CDM, Monitoring, SAE Capture, Medical Coding, Clinical Management Portal, CDISC, mHealth i Payments",Sanjay Mandloi,45-50,0.75,https://www.linkedin.com/in/sanjaymandloi/,,,Tarek Sherif,55-60,20,https://www.linkedin.com/in/tarek-sherif-071b2812/,a nie Rama Kondru jako CTO?,,
9/29, Was referred to Julie,MeWe,"Los Angeles, California",2011,11-50,MeWe is the Next-Gen Social Network that actually respects the privacy of its members. No Ads. No Spyware. No BS. Your world is #Not4Sale.,"Privacy, Online Collaboration, Private Groups, Data Storage, Social Network Aggregator, Photo Sharing, Social Networking, Free Collaboration Software, Online Privacy, Private Cloud Storage, Privacy Bill of Rights, Online Privacy Rights, Privacy Network i Digital Privacy",Ján Raška,30-35,3.75,https://www.linkedin.com/in/rusho/,,,Mark Weinstein,50-60,4.5,https://www.linkedin.com/in/markfweinstein/,,,
Out of business,,MonARC Bionetworks,San Francisco,2016,11-50,"The monARC Bionetworks’ multi-discipline team of drug development and digital technology experts have created a comprehensive end-to-end clinical research platform that enables earlier and broader collaboration between patients, providers, and researchers to exponentially accelerate drug development.","end-to-end clinical research, drug development, patient engagement, digital technology, precision medicine, collaboration, real-world data, clinical research, life science i external control arms",Taneli Otala,50-55,2,https://www.linkedin.com/in/taneliotala/,https://github.com/tanelio,,?,,,,,,
9/1,,Moveworks,"Mountain View, California",2016,51-200 ,"Moveworks is a cloud-based AI platform purpose-built for large enterprises that solves one, big, frustrating problem: Resolving employees'​ IT support issues. Instead of tracking issues, we use advanced AI to solve them, instantly and automatically—with no human intervention.",,Vaibhav Nivargi,40,4,https://www.linkedin.com/in/vnivargi/,https://github.com/vnivargi,,Bhavin Shah,50-55,4,https://www.linkedin.com/in/bhavinnicholasshah/,,,
,,Name,Location,Founded,People,VUSP,HUSP,CTO name,CTO's age,CTO's how long,CTO's Li,CTO's GitHub,Li Network?,CEO name,CEO's age,CEO's how long?,CEO's LI,Li Network?,Last followup,Email
,9/30,namely,"New York, NY",2012,501-1000,"HR software that employees actually use—built to fit your company culture. Manage all of your HR data in one place, with personalized service to help your company get better, faster. ","Modern HRIS, Full-Service Payroll, World-Class Benefits, Talent Management, 360° Performance Reviews, Cascading Goals, Reporting, Time-Off Tracking i And More!",Daniel Certner,30-35,0.5,https://www.linkedin.com/in/daniel-certner-ba80027/,https://github.com/certner,,Larry Dunivan,55-60,0.9,https://www.linkedin.com/in/larrydunivan/,,,
,9/30,OJO Labs,"Austin, Texas",2015,251-500,OJO is revolutionizing the way people access real estate information and purchase a home by inverting the current model and placing full-control back into the hands of consumers. OJO provides agents and brokers the ability to be connected with home buyers when they are ready to move forward through warm and informed introductions - creating a positive experience for everyone.,"Artificial Intelligence, Machine Learning , Big Data, Real Estate, Data Science, Engineering, Marketing , Technology, Consumer Products, Product Development i Customer Service",Peter Kappler,50-55,2.25,https://www.linkedin.com/in/peter-kappler-b860907/,https://github.com/pkappler,,John Berkowitz,35-40,5.3,https://www.linkedin.com/in/johnberkowitz/,,,
,9/1,Otus LLC,"Chicago, Illinois",2014,11-50,Otus brings the entire school community together on a common technology platform reducing the number of disconnected solutions educators use while providing actionable insight to school leaders.,"Student Behavior and Engagement Tracking, Analytics Platform, Learning Management System, Data Management, Assessment Management, Student Porfolios i Standards-Based Grading",Corey Maxey,35-40,3,https://www.linkedin.com/in/corey-maxey/,,,?,,,,,,
,,Paysend,"London, England",2017,51-200,Paysend is the global Fintech company and payments disruptor based in UK on a mission to change how money is moved around the world. We are the next generation money transfer platform allowing you to send funds from card to card from 45 to over 80 countries.  ,"send money, smart card, digital platform, financial services, funds transfer, remittances , receive money, card to card transfers, moving money, digital wallet, transfers to bank account, fintech, payment solutions, currency exchange, crypto, prepaid cards, payment wallet, bitcoin, payments, money transfer i payments processing",Sergey Y.,30-35,1.5,https://www.linkedin.com/in/not-found/,,,Ronald Millar,60-65,3.5,https://www.linkedin.com/in/ronald-millar-98466916/,,,
,9/29,PhysIQ,"Chicago, Illinois",2011,11-50 ,"PhysIQ (pronounced Phys-IQ) is healthcare’s first personalized physiology data analytics platform. PhysIQ is designed to track and integrate multiple vital signs to detect clinically meaningful changes against an individual baseline, rather than a population-based “norm.” ","Health care analytics, Patient monitoring, Artificial Intelligence, Machine Learning, Digital Medicine i Remote Patient Monitoring",Matt Pipke,45-50,15.5,https://www.linkedin.com/in/matt-pipke-54b4128/,,,Gary Conkright,65-70,15,https://www.linkedin.com/in/gary-conkright-321433/,,,
,9/29,Premise Data,"San Francisco, CA",2012,51-200,"Premise is a data and analytics platform that empowers decision makers with real-time, actionable intelligence. ","Data, Computer vision, Sampling design, Algorithms, International Development, Government, Network, Artificial Intelligence, Machine Learning, Data Science, Technology, Global Health, Smart Cities, Market Research, Data Collection, Data Visualization i Consumer Packaged Goods",Carl Schmidt,45-50,1.3,https://www.linkedin.com/in/carl-schmidt-b774396/,https://github.com/crrrl,,Maury Blackman,40-45,2.5,https://www.linkedin.com/in/maury-blackman-7740896/,,,
,,Pretzel,"Kansas City, MO",,2-10,,,Mik Quinlan,45-50,0.5,https://www.linkedin.com/in/mikquinlan/,,,Alan Doan,35-40,1,https://www.linkedin.com/in/alandoan/,,,
,9/29,Qualtrics,"Provo, UT and Seattle, WA",2002,3000+,"Qualtrics Experience Management (XM) is the only software platform that helps brands continually assess the quality of their four core experiences—customers, employees, products, and brands.","online survey software, market research, consumer feedback, employee feedback, 360 evaluations, NPS, panels, VOC, customer experience, brand experience, employee experience, product experience, experience management, surveys i enterprise feedback management",John Thimsen,40-45,5.25,https://www.linkedin.com/in/jthimsen/,,,Ryan Smith,41,17.5,https://www.linkedin.com/in/ryan-smith-3417901/,,,
,9/29,Quizlet,San Francisco,2005,51-200,Quizlet is a leading consumer learning brand that builds learning tools to inspire and empower students and teachers.,E-learning,Andrew Sutherland,31,14.5,https://www.linkedin.com/in/asuth/,,,Matthew Glotzbach,45-50,4,https://www.linkedin.com/in/mglotzbach/,,,
,,Rally Health,"Washington, D.C.",2010,1001-5000,"Rally’s Health Solutions help members set personalized daily goals, gives recommendations, and incentivizes progress with rewards. ","health, wellness i fitness",Gene German,40-45,0.75,https://www.linkedin.com/in/genegerman/,,,Susan Singer,40-45,0.5,https://www.linkedin.com/in/susanmsinger/,"był Ripple Hhera jako CTO, ale jest inny - zmieniłam",,
,,Resident,"San Fransisco, CA",2016,51-200,"At Resident, we are relentless in our passion to provide our customers with better choices when it comes to everyday home products. From mattresses, rugs, and furniture, each of our brands has unparalleled standards for quality, style, and value.",,Sharon Dagan,35-40,3.75,https://www.linkedin.com/in/sharondagan/,,,Craig Schmeizer,-,4,https://www.linkedin.com/in/craigschmeizer/,,,
,9/30,Scribd,"San Francisco, California",2007,201-500 ,"we build the world’s largest and most fascinating digital library: giving subscribers access to a growing collection of ebooks, audiobooks, magazines, documents, and more.","ebooks, publishing, subscription service, books, literary community, authors, technology i audiobooks",Adrian Lienhard,40-45,1.75,https://www.linkedin.com/in/adrianlienhard/,https://github.com/alienhard,,Trip Adler,35,13?,https://www.linkedin.com/in/tripadler/,,,
9/30,,SeatGeek,"New York, NY",2009,201-500,"SeatGeek was built in 2009 as the only mobile ticketing marketplace created with fan experience top of mind. We’re transforming the way fans buy and sell their tickets to their favorite live events across sports, music, and theater.","tickets, internet and technology, data analysis i sports, entertainment, and media",Phil Calcado,40-45,0.75,https://www.linkedin.com/in/pcalcado/,https://github.com/pcalcado,,Jack Groetzinger,30-35,11,https://www.linkedin.com/in/jackgroetzinger/,a nie Brian D. Murphy jako CTO?,,
9/2,,Security ScoreCard,"New York, New York",2013,201-500 ,SecurityScorecard is the global leader in cybersecurity ratings and the only service with over a million companies continuously rated. ,"Third party security, risk management, vendor risk management, security ratings, Threat Intelligence, Third Party Risk Management i cybersecurity",Glen Pendley,-,-,-,-,,Aleksandr Yampolskiy,40-45,6.5,https://www.linkedin.com/in/ayampolskiy/,"Glen Pendley obejmował stanowisko CTO do marca 2020, nie mogę znaleźć nowej osoby",,
9/30,,Sharethrough,"San Francisco, CA",2008,51-200,Sharethrough is disrupting the legacy digital advertising supply chain as the first ad exchange to auto-enhance every standard impression by rendering a higher-performing ad that dynamically fits into any placement on any site. ,"native advertising, mobile advertising, native monetization, content distribution, branded content distribution, video advertising, mobile monetization, advertising automation, supply side platform i software as a service",Robert Fan,35-40,12.75,https://www.linkedin.com/in/robfan/,https://github.com/robfan,,Dan Greenberg,35-40,12.5,https://www.linkedin.com/in/danackermangreenberg/,,,
9/30,,Simon Data,"New York, New York(NY)",2014,51-200,"Simon is a tool that transforms your data into clear insights that let you get more out of your marketing. Connect your data in minutes, create customized segments, deploy to existing channels, and discover what your customers want.","Data Science, Marketing Automation, Segmentation i Engineering",Matt Walker,35-40,6.5,https://www.linkedin.com/in/mwalker/,,,Jason Davis,35-40,7,https://www.linkedin.com/in/drjasondavis/,,,
9/30,,Slack,San Francisco,2009,2000+,,,Cal Henderson,40,11,https://www.linkedin.com/in/iamcal/,https://github.com/iamcal,,Stewart Butterfield,45-50,11,https://www.linkedin.com/in/butterfield/,,,
9/30,,SpotX,"Denver, CO",2007,501-1000,"SpotX is the leading global video advertising platform that enables media owners and publishers to monetize premium content across desktop, mobile and connected TV devices. ","Online video advertising, Real-time bidding, Advanced targeting, Video ad serving platform, Cross-screen ad serving, Holistic inventory management i Transparency and informed control",J. Allen Dove,50-55,13,https://www.linkedin.com/in/leadnovel/,,,Mike Shehan,45-50,13,https://www.linkedin.com/in/mikeshehan/,,,
,,Tally,"San Francisco, California",2015,51-200 ,"It built the first fully automated debt manager to help people overcome credit card debt and provides a completely free automated savings service, Tally Save. Tally’s vision is to automate people’s entire financial lives so they can worry about money less and do what they love more.",,Marco Manzo,40-45,3.3,https://www.linkedin.com/in/mmanzo/,https://github.com/amnesiac,,Jason Brown,40-45,6,https://www.linkedin.com/in/mrbrown/,,,
9/2,,The Climate Corporation,"San Francisco, CA",2006,501-1000,"The Climate FieldView™ platform utilizes detailed imagery and data layers to deliver analysis and recommendations to growers based on weather modeling, agronomic modeling, and seamless data integration. ","agriculture, weather risk management i technology",Avery Moon,45-50,4,https://www.linkedin.com/in/averymoon/,,,-,,,,,,
,,The Climate Corporation,,,,,,,,,,,,,,,,powtórka z pozycji 42,17.09.2021,
9/30,,Tracelink,"North Reading, MA",2009,501-1000 ,TraceLink is the leading SaaS solution provider in the life sciences industry for track and trace software. ,"track and trace, supplier management, supply network collaboration, DSCSA, serialization, ePedigree, quality management, inventory management and reconciliation, pharmaceutical, healthcare IT, Life Sciences, compliance, counterfeit drugs i EU FMD",Bon Sturim,55,2.5,https://www.linkedin.com/in/bobsturim/,https://github.com/spob,,Shabbir Dahod,55-60,11,https://www.linkedin.com/in/shabbir-dahod-215471b/,,17.09.2021,
9/30,,Trade Desk,"Ventura, CA",2009,1001-5000 ,"The Trade Desk offers a self-service technology platform to manage data-driven digital advertising campaigns. Buyers can create highly personalized ad experiences across various channels, including display, native, video, audio, and social, and on a multitude of devices, including computers, mobile, and TV.","Online Advertising, Real Time Bidding, Demand Side Platforms, Behavioral Targeting i Data Management Platforms",Dave Pickles,40-45,10,https://www.linkedin.com/in/dave-pickles-3a31bb3/,,,Jeff Green,40-45,10.5,https://www.linkedin.com/in/jefftgreen/,,17.09.2021,
9/6/20229/30,,tray.io,"San Francisco, California",2012,201-500 ,"With Tray.io, citizen automators throughout organizations can easily automate complex processes through a powerful, flexible platform, and can connect their entire cloud stack thanks to APIs. Today businesses like IBM, GitHub, Forbes, Lyft, and DigitalOcean rely on Tray.io to connect and automate data flow between the tools they use every day. ","Development, API, Integration, saas, cloud, Automation, serverless computing, platform, citizen automator i iPaaS",Airstair Russel,35-40,8,https://www.linkedin.com/in/adotify/,,,Rich Waldron,35-40,8,https://www.linkedin.com/in/richwaldron/,,17.09.2021,
Aquired by Salesforce,,Troops.ai,"USA, NY",2015,11-50,"It serves as a Slackbot for sales team. Troops.ai allows its users to configure Salesforce reports, communicate deal wins, and pull salesforce data for all standard and custom objects through Slack.","AI, Messaging, Software",Greg Ratner,35-40,5,https://www.linkedin.com/in/gratner/,https://github.com/gratner,,Dan Reich,30-35,5,https://www.linkedin.com/in/danreich/,,17.09.2021,
9/30,,Tubi TV,"San Francisco, CA",2014,51-200 ,"Tubi has thousands of TV shows and movies available to stream on connected TV devices like Roku, Xbox, Playstation, Amazon Fire TV, Apple TV, as well as iOS, Android and web. Advertisements ensure that Tubi remains free for everyone.","free TV, entertainment, streaming i advertising",Marios Assiotis,35-40,4.3,https://www.linkedin.com/in/mariosassiotis/,https://github.com/assiotis,,Farhad Massoudi,35-40,10,https://www.linkedin.com/in/farhadm/,,,
,,Tufin,isreal,2005,201-500,"Tufin® is the leader in Network Security Policy Orchestration for enterprise cybersecurity. More than half of the top 50 companies in the Forbes Global 2000 turn to Tufin to simplify management of some of the largest, most complex networks in the world, consisting of thousands of firewall and network devices and emerging hybrid cloud infrastructures.","Network security policy orchestration, Change, Firewall policy management, Enterprise security, Compliance, Governance, NGFW, Network, NERC CIP, Optimization, PCI DSS, Risk assessment, Cloud platforms, Application connectivity management, Large enterprises i Automation",Yaron Relevy,35-40,4,https://www.linkedin.com/in/reuvenharrison/,,,Ruvi Kitov,50-55,16.75,https://www.linkedin.com/in/ruvikitov/,,17.09.2021,
9/8,,Tundra,Zurich,2017,11-50,Tundra is the modern wholesale marketplace that allows buyers and suppliers to transact online with no fees or markups. ,"ecommerce, logistics i finance",Todor Todorov,45-50,4.3,https://www.linkedin.com/in/tptodorov/,,,Arnold Engel,35-40,4.3,https://www.linkedin.com/in/arnoldengel/,,17.09.2021,
9/30,,Udemy,"San Francisco, CA",2010,3000+,"Udemy is the largest online learning destination that helps students, businesses, and governments gain the skills they need to compete in today’s economy. ","e-learning, education, skills, technology, internet i marketplace",Venu Venugopal,50-60,1,https://www.linkedin.com/in/venuvenugopal/,-,,Gregg Coccari,50-60,1.25,https://www.linkedin.com/in/gregg-coccari-2bb43110a/,,16.09.2021,
,,Velocity Career Labs,"Denver, Colorado",2018,11-50,"Velocity Career Labs was founded in 2018 to reinvent how career credentials are shared across the global labor market, empowering individuals, businesses and educational institutions through transformational blockchain technology – self-sovereign, trusted and decentralized. We call it the ‘Internet of Careers.’",,Andres Olave,45-55,1,https://www.linkedin.com/in/arolave/,,,Dror Gurevich,45-55,2.25,https://www.linkedin.com/in/drorgurevich/,,,
9/1,,vidIQ,"San Francisco, CA",2012,11-50,"vidIQ is the first YouTube audience development and management suite that helps brands and agencies grow their views and subscribers. vidIQ is an end-to-end solution that assists YouTube Marketers at every step of their workflow, including uploading their videos at the best time of day, connecting brands with their top influencers, YouTube SEO, monitoring viewer and engagement analytics across Twitter and Facebook, bulk description editing, comment moderation, and Facebook fan page syndication.","video marketing, content marketing, youtube channel management, audience development, youtube seo, social media, video i youtube",Alex Zvolinskiy,30-35,1.5,https://www.linkedin.com/in/fruzenshtein/,,,Rob Sandie,35-40,8.6,https://www.linkedin.com/in/robertsandie/,,16.09.2021,
9/30,,Vroom,"New York, NY",2013,501-1000,"Choose from thousands of amazing low-mileage, carefully inspected cars, priced below market value. ","Used Cars, Used Trucks, Certified Used Cars, Certified Used Trucks, Happy Customers, Customer Service, Nationwide Shipping i Home Delivery",Chris Putnam,50-55,1.5,https://www.linkedin.com/in/chputnam/,,,Paul Hennessy,45-55,4,https://www.linkedin.com/in/paulhennessy1/,,16.09.2021,
9/30,,WineDirect,"American Canyon, California",2002,51-200,"WineDirect is the leader in winery direct sales. Headquartered in the Napa Valley, we offer a broad range of commerce, marketing, and logistics solutions including the Vin65 ecommerce and point-of-sale platform, bi-coastal fulfillment services, and marketing tools to help wineries grow their businesses profitably. ","consumer direct, wine direct-to-consumer, compliance, ecommerce, fulfillment, logistics, outbound telesales, enterprise, point-of-sale, wine club management i loyalty programs",Devin Loftis,45-50,0.25,https://www.linkedin.com/in/kenescueta/,,,Joseph Waechter,55-65,10.5,https://www.linkedin.com/in/joseph-waechter-98b47925/,,16.09.2021,
,,Wishbone Club,"Chicago, Illinois",2019,2-10,"Wishbone Club, a Subsidiary of Health Care Service Corporation (HCSC), is a rewards program designed specifically to foster positive experiences and to increase engagement between Payers and their Members. ","loyalty, rewards, engagement, health-conscious services & products i community building",Sanjay Chaudhuri,50-55,1,https://www.linkedin.com/in/schaudhuri/,,,Shervin Ebrahimi-Asil,45-50,1.75,https://www.linkedin.com/in/shervin-ebrahimi-asil-54682a6/,,15.09.2021,
,,x-mode social,"Reston, Virginia",2015,11-50,"X-Mode’s location platform maps over 10% of the US population monthly. Our panel powers attribution and customer segment based solutions for over 25+ companies in the ad-tech, fin-tech, market research, and real estate.","data monetization, Geo-behavioral data, data intelligence, app monetization, growth hacking, location monetization, attribution, behavioral segments, consumer profiles, ad tech, millenials, fintech, families i transparency",Dan Greene,45-50,1,https://www.linkedin.com/in/danielngreene/,,,Joshua Anton,25-30,5,https://www.linkedin.com/in/joshuaanton/,,15.09.2021,
,,Xertive,,,,,,Arthur Garmider,35-40,3,https://www.linkedin.com/in/arthur-garmider-602aa290/,,,,,,,,,
,9/30,Zignal Labs,"San Francisco, California",2011,51-200," Zignal Labs is the world’s leading impact intelligence company, helping users measure opinion in real-time and identify the topics, networks and people that shape it.",,Jonathan Dodson,45-50,1.25,https://www.linkedin.com/in/jdodson/,,,Michael Fan,35-40,0.75,https://www.linkedin.com/in/michael-fan-11a9353a/,,15.09.2021,
, Shutdown?,Zipwhip,"Seattle, Washington",2007,201-500,"Zipwhip pioneered the concept of utilizing the cloud to enable existing mobile, landline, and toll-free numbers to send and receive texts from any connected desktop, tablet or smartphone. Additionally, Zipwhip offers a carrier-grade texting platform to help mobile and landline operators modernize the text messaging medium.","Text Messaging, Landline Texting, Cloud Texting, Toll Free Texting, Software, Business Communications i A2P",James Lapic,40-45,1,https://www.linkedin.com/in/jameslapic/,,,John Lauer,45-50,12.75,https://www.linkedin.com/in/jlauer12/,,15.09.2021,
,9/30,Zocdoc,"New York, NY",2007,501-1000,"Zocdoc is the tech company at the beginning of a better healthcare experience. Each month, millions of patients use Zocdoc to find in-network neighborhood doctors, instantly book appointments online, see what other real patients have to say, get reminders for upcoming appointments and preventive check-ups, fill out their paperwork online, and more. ","healthcare, patients, doctors, public health, appointments, technology i health",Simon Mosk-Aoyama,40-45,1,https://www.linkedin.com/in/simonmosk/,,,Simon Mosk-Aoyama,45-50,13,https://www.linkedin.com/in/simonmosk/,,14.09.2021,
,9/30,Digital Asset, ,,,, , , , , , ,, ,,,,,,
,9/30,DISQO,,,,,,,,,,,,,,1.5,,,,
,,,,,,,,,,, ,,,,,,,,,
,, ,,,,,,,,,,,,,,,,,,